,Value_1,Value_2,Result
0,1,2,0.5
1,7,5,1.4
2,3,4,0.75
3,5,8,0.625
4,12,13,0.9230769230769231
5,4,5,0.8
6,23,2,11.5
7,9,11,0.8181818181818182
8,14,6,2.3333333333333335
